"category","subcategory","ID","Description","GeneRatio","BgRatio","RichFactor","FoldEnrichment","zScore","pvalue","p.adjust","qvalue","geneID","Count"
"Environmental Information Processing","Signaling molecules and interaction","hsa04080","Neuroactive ligand-receptor interaction","178/2183","370/9521",0.481081081081081,2.09820108702381,11.7518148884814,2.0232429362168e-27,7.04088541803445e-25,5.70767480953791e-25,"2925/1131/887/9568/2568/165829/185/7200/4986/5733/5646/1138/2558/130574/2691/2696/64106/10874/3362/5697/51052/5443/8001/5618/136/2890/51083/5746/2916/130576/2914/79627/7433/4828/2900/84109/1139/6019/2899/553/2692/4886/2151/347148/2564/133/797/2743/151/2904/2891/55584/53637/5737/57152/7068/7201/5540/2742/5031/84634/1511/2831/2922/6863/150/4922/2903/2358/554/79924/6752/6013/4923/2796/7434/66004/8973/1128/2906/51738/10886/1135/2567/2740/3356/2902/59350/1081/7253/1816/2555/2912/3355/10800/399967/100996758/257313/885/7349/796/2690/5173/23620/4543/5030/4887/799/55879/10316/886/1143/1906/6753/116/6869/344838/3952/2897/1907/1141/152/3640/432355/5026/6755/339403/2569/23566/9340/10911/2917/2556/1443/4295/5368/1814/7425/117579/80763/100506013/4142/3354/387129/2895/2893/1144/56923/6870/5617/3062/3358/9248/399968/1813/4160/3375/100169851/153/160065/6866/4889/1812/84539/2834/11255/1908/2695/2689/4988/4159/122042/1142/186/4852/85569/4158/113091",178
"Organismal Systems","Development and regeneration","hsa04382","Cornified envelope formation","117/2183","217/9521",0.539170506912442,2.35155400655674,10.9846167393415,1.40975007070565e-23,2.45296512302782e-21,1.98848957341638e-21,"9074/3868/338785/3889/7051/11240/7357/10686/1828/6273/79852/3854/3857/9071/6279/8688/1830/5317/6785/3887/3875/126410/204219/286887/9517/6271/3892/9080/285848/137075/6768/3853/6274/9333/9076/644672/3852/196374/3872/6281/3891/3885/25984/3861/6282/3713/3655/1286/3850/6277/126637/6280/374454/23581/5046/6699/192666/6275/1285/3918/3856/3914/2053/3691/3890/29943/3888/6283/9075/1287/8687/26154/9119/6276/51702/140807/121214/3884/3851/3882/4014/6706/121391/149461/23562/1288/3855/3886/388697/388698/6705/390792/100288814/353142/2312/242/125115/3859/84648/1041/6703/6278/6698/147409/6704/3849/6700/163778/54474/353132/254910/353139/6707/51350/353145/338324/353131",117
"Environmental Information Processing","Signaling molecules and interaction","hsa04060","Cytokine-cytokine receptor interaction","125/2183","298/9521",0.419463087248322,1.82945856788423,7.93456666931286,9.24261198644138e-14,1.0721429904272e-11,8.69129828900452e-12,"3572/3595/8200/50604/6374/7066/146433/658/53833/7850/6364/2919/3455/3552/27242/650/7043/3627/58191/5618/9518/3559/9466/2057/2661/10913/26525/9547/2921/10673/654/53832/6355/8792/6354/8741/60401/3601/1524/6362/9235/7124/8808/652/3576/6372/6357/1437/6373/6376/56300/8793/8794/970/3458/3976/58985/5197/1230/6358/6369/8744/133396/3592/6370/1439/282618/9573/151449/3604/3594/3598/10344/4803/9173/27189/2690/6352/4838/5473/50615/10663/5196/3565/356/83729/27178/653/27177/3952/655/9966/3456/282617/55801/8807/6346/6360/4050/59067/3577/282616/4283/115650/27190/3568/1443/338376/269/608/284340/1235/64806/2056/1271/5617/3605/112744/3578/2689/27302/3446/50616/3439/84639",125
"Environmental Information Processing","Signaling molecules and interaction","hsa04082","Neuroactive ligand signaling","92/2183","199/9521",0.462311557788945,2.01633913958247,7.90254773723305,2.29563021112833e-13,1.99719828368164e-11,1.61902341205892e-11,"1131/9568/2568/6530/4986/107/6532/2558/115/6511/3362/5443/8001/136/2890/6505/3359/2916/111/2914/79627/2900/5578/1139/2899/6538/2564/2743/151/2904/2891/6571/9177/59345/6506/5031/1103/6863/150/2903/2770/60482/6512/51764/8973/1128/2906/2567/5332/113/5567/3356/2902/1816/2555/2912/3355/114/6572/5173/5030/55879/1143/2786/43/6869/2897/170572/1141/152/5026/285242/2569/2917/2556/5368/57084/1814/3354/2893/6870/3358/1813/4160/153/6866/6570/1812/140679/11255/4988/4159",92
"Environmental Information Processing","Signaling molecules and interaction","hsa04081","Hormone signaling","94/2183","219/9521",0.429223744292237,1.87202898277892,7.1206771855596,2.51744462789272e-11,1.75214146101333e-09,1.42036875847421e-09,"2099/887/185/7200/30061/7066/658/4986/341208/107/10411/115/2691/2696/117247/9630/51052/5443/5618/4883/111/7433/3667/2057/553/3480/2692/797/151/7068/59345/7201/10268/10266/150/554/2770/6752/1733/2796/7434/2852/51764/10267/51738/5332/113/5567/2740/1081/7253/1816/114/2520/885/7349/796/2690/5173/799/886/2786/6753/3952/152/6755/4842/5744/1443/4295/269/5368/1814/2056/9370/5617/3062/1813/4160/3375/153/1812/8471/4880/84539/2834/4879/2695/2980/2689/4988/4159/186/4158",94
"Human Diseases","Cancer: overview","hsa05204","Chemical carcinogenesis - DNA adducts","35/2183","71/9521",0.492957746478873,2.15000032259521,5.30478419069575,9.79204471300905e-07,5.67938593354525e-05,4.60397891769548e-05,"9/1548/7366/2947/5743/1549/10720/2950/2938/6817/7363/10/2946/27306/2949/6799/54490/1545/7367/7364/221357/873/2939/2940/1562/1558/1646/2953/2944/1543/54578/54575/1557/54658/54657",35
"Cellular Processes","Cell growth and death","hsa04110","Cell cycle","63/2183","158/9521",0.39873417721519,1.739050893846,5.10918780279846,1.16832657494572e-06,5.80825211544446e-05,4.70844394113465e-05,"991/898/4998/7272/1029/10403/6502/993/1111/1871/90381/9212/699/1870/9133/5347/9319/890/4176/10926/4175/23594/151648/8318/4174/4172/8317/11200/3066/7027/4173/113130/9232/26271/1021/81620/27127/994/27085/4085/5933/701/7043/983/4171/891/1869/1031/8900/1875/57082/9700/1663/2810/595/995/9134/4609/10912/9088/990/8379/168448",63
"Environmental Information Processing","Signal transduction","hsa04020","Calcium signaling pathway","91/2183","254/9521",0.358267716535433,1.56255928957117,4.95646525088892,1.6463153150111e-06,7.16147162029827e-05,5.80542768977597e-05,"2066/2925/1131/887/185/1956/2255/8912/5733/5979/4233/84812/107/776/115/7039/3708/340156/9630/5336/3362/136/6261/26291/2065/6263/844/5578/80310/1139/778/3270/553/4776/8877/773/492/2904/5737/7201/816/491/952/7422/5137/2903/774/255231/8823/2254/4923/4485/5260/1128/2906/845/4843/5332/113/5567/57172/3356/2902/1816/8817/10800/114/4803/6262/51806/777/886/2253/26281/6869/100507027/5026/4842/3706/6543/100130933/2261/8074/6870/8822/3358/153/1812/810/89869/5535",91
"Environmental Information Processing","Signal transduction","hsa04024","cAMP signaling pathway","82/2183","226/9521",0.36283185840708,1.58246547132103,4.833438490936,3.03121691984477e-06,0.000107775578527134,8.73679825930792e-05,"9568/480/10451/27198/1258/5733/107/10411/776/483/148327/115/2696/5465/3362/5443/5337/2737/2890/64208/477/1259/111/64764/1261/778/90993/4886/492/2904/2891/2867/22800/816/491/9586/6662/2903/2770/5727/6752/7434/1128/2906/51738/113/5567/3991/2740/2902/1080/1081/2353/7253/11149/1816/3355/114/6262/51806/10257/5142/2735/1906/116/10846/1907/6755/610/10021/84152/3354/2893/1813/153/1812/810/23439/1908/2695/4852/4158",82
"Metabolism","Metabolism of cofactors and vitamins","hsa00830","Retinol metabolism","33/2183","68/9521",0.485294117647059,2.11657594783218,5.03981255642816,3.09699938296363e-06,0.000107775578527134,8.73679825930792e-05,"339761/1548/7366/157506/8228/1549/10720/7363/56603/6121/54490/7367/7364/220/158835/54905/1555/9227/1592/1562/53630/1558/195814/126/8608/125/1543/50700/54578/54575/54658/131/54657",33
"Organismal Systems","Endocrine system","hsa04911","Insulin secretion","39/2183","86/9521",0.453488372093023,1.9778574396233,4.96832853216107,3.42329022718921e-06,0.000108300454460168,8.77934718551873e-05,"6833/3767/1131/480/3783/107/776/483/148327/115/477/111/5578/64764/6513/778/90993/3651/816/3778/9586/3780/3779/5332/113/5567/2740/114/885/6262/886/157855/116/6616/10242/2864/23439/2695/6514",39
"Metabolism","Xenobiotics biodegradation and metabolism","hsa00982","Drug metabolism - cytochrome P450","34/2183","73/9521",0.465753424657534,2.03135059833458,4.82452210917405,6.97920748202968e-06,0.000202397016978861,0.000164072596945961,"1548/7366/2947/1549/2330/10720/2328/2950/2938/7363/2946/27306/2949/54490/7367/7364/221357/4128/222/2939/1555/2327/2940/1558/126/2953/2944/125/54578/54575/1557/54658/131/54657",34
"Organismal Systems","Nervous system","hsa04724","Glutamatergic synapse","47/2183","116/9521",0.405172413793103,1.76713080701976,4.53393726736147,1.57927354835348e-05,0.000408060561389012,0.00033079319556036,"5321/3760/2744/107/776/115/6511/2752/3708/5337/10991/2890/6505/2916/111/2914/2900/5578/2899/773/2904/2891/9762/9454/255189/59345/6506/123745/2903/2770/6512/51764/81539/2906/5332/113/5567/2902/2912/114/2786/2897/2917/57084/2893/9229/5535",47
"Organismal Systems","Digestive system","hsa04970","Salivary secretion","41/2183","97/9521",0.422680412371134,1.84349070370388,4.55412573867646,1.64162294811671e-05,0.000408060561389012,0.00033079319556036,"1131/480/1473/1472/3783/107/483/4025/115/3708/1470/6263/477/111/5578/362/492/1471/491/3778/952/3346/277/5332/113/5567/55503/653247/114/51806/1755/4069/5542/4842/54831/1469/153/810/23439/3347/6779",41
"Human Diseases","Substance dependence","hsa05033","Nicotine addiction","22/2183","41/9521",0.536585365853659,2.34027909679005,4.69071981284234,1.84741281097634e-05,0.000428599772146512,0.000347443251467832,"2568/2558/2890/1139/773/2564/2904/2891/2903/774/8973/2906/2567/2902/2555/55879/1141/2569/2556/57084/2893/140679",22
"Metabolism","Xenobiotics biodegradation and metabolism","hsa00980","Metabolism of xenobiotics by cytochrome P450","35/2183","79/9521",0.443037974683544,1.93227877094,4.53820208373731,2.00734612606208e-05,0.000436597782418503,0.000353926816963578,"22977/1548/7366/2947/1549/10720/246181/2950/1572/2938/7363/2946/27306/2949/54490/1545/7367/7364/221357/27294/222/873/2939/1555/2940/126/2953/2944/125/1543/54578/54575/54658/131/54657",35
"Organismal Systems","Digestive system","hsa04976","Bile secretion","38/2183","90/9521",0.422222222222222,1.84149233979742,4.37470766950023,3.40905744401807e-05,0.000697854112069582,0.000565713557273587,"480/7366/107/483/115/10720/477/111/949/6513/6579/7363/361/54490/9429/7367/7364/366/113/5567/1080/28234/114/5243/8671/10257/343/9971/8647/6523/54578/9376/23439/54575/10599/6555/54658/54657",38
"Environmental Information Processing","Signaling molecules and interaction","hsa04061","Viral protein interaction with cytokine and
cytokine receptor","41/2183","100/9521",0.41,1.78818598259276,4.32152165299787,3.89357123737995e-05,0.000752757105893457,0.000610220521413933,"3572/50604/6374/146433/53833/6364/2919/3627/3559/9547/2921/53832/6355/6354/1524/6362/7124/3576/6372/6357/6373/6376/8793/8794/58985/5197/1230/6358/6369/6370/10344/6352/5473/5196/27178/8807/6346/6360/3577/4283/1235",41
"Human Diseases","Cancer: overview","hsa05207","Chemical carcinogenesis - receptor activation","75/2183","217/9521",0.345622119815668,1.50740641445945,4.12389365639939,5.42256491883847e-05,0.000993185574608309,0.000805123212326155,"5241/2099/367/993/1956/7366/79852/2255/332/107/2947/776/148327/115/688/596/5465/3838/1869/10720/111/5578/64764/1139/778/90993/10683/2938/773/7363/9970/55584/2946/595/408/2949/54490/9586/7422/1545/7367/774/2770/7364/4609/221357/1978/8823/2254/23746/2053/2939/113/1555/5567/990/2353/8817/114/2940/2253/1143/26281/1141/2953/2944/1543/8822/153/54578/407054/54575/54658/54657/406885",75
"Organismal Systems","Nervous system","hsa04726","Serotonergic synapse","45/2183","115/9521",0.391304347826087,1.70664621880539,4.15819604246191,6.55451788439808e-05,0.00114048611188527,0.000924531996325623,"5321/3760/10411/6532/5743/776/3708/3362/260293/3359/111/247/5578/778/773/7166/6571/255189/9177/59345/123745/774/2770/4128/51764/3751/1843/5332/5567/3356/3355/3765/1562/2786/170572/285242/1558/1644/3354/242/3763/3358/6570/121278/1557",45
"Organismal Systems","Endocrine system","hsa04915","Estrogen signaling pathway","52/2183","139/9521",0.37410071942446,1.63161381110412,4.09136091533535,7.56935361811495e-05,0.00125435002814476,0.00101683547351118,"5241/2099/7031/3868/9687/9568/3760/1956/5914/107/399694/3857/148327/115/8688/596/7039/3708/3875/5443/111/64764/90993/3872/3885/25984/3861/53358/9586/25759/192666/2770/2852/5332/113/5567/2353/8687/114/3765/3884/3882/51806/3310/3886/390792/125115/3859/3763/810/54474/4988",52
"Human Diseases","Substance dependence","hsa05031","Amphetamine addiction","30/2183","69/9521",0.434782608695652,1.89627357645044,4.07530174214643,0.00011758578249401,0.00185999328672344,0.0015077985506409,"3066/776/148327/2890/111/5578/64764/90993/2904/2891/6571/816/9586/2903/4128/2906/5567/2902/2353/2354/5173/51806/7054/1644/84152/2893/6570/1812/810/5535",30
"Organismal Systems","Digestive system","hsa04971","Gastric acid secretion","32/2183","76/9521",0.421052631578947,1.83639125298358,3.99274694121248,0.00014778266744687,0.00223601601180481,0.00181262036044673,"1131/887/480/107/483/115/3708/340156/477/115111/111/5578/816/3759/2770/495/496/6752/3766/5332/113/5567/1080/114/2520/3772/3773/51806/389015/3758/810/23439",32
"Organismal Systems","Digestive system","hsa04978","Mineral absorption","27/2183","61/9521",0.442622950819672,1.93046867373069,3.97628581490303,0.00017712917416563,0.00245262768061434,0.00198821602663231,"480/115019/1811/30061/540/341208/483/79901/113235/4496/477/140803/7018/492/261729/491/4501/10568/55503/795/4489/340024/6543/6569/6523/23439/645745",27
"Human Diseases","Substance dependence","hsa05030","Cocaine addiction","23/2183","49/9521",0.469387755102041,2.04720147335159,4.00833423695678,0.000181422672868266,0.00245262768061434,0.00198821602663231,"148327/111/64764/90993/2904/2891/6571/9586/2903/2770/4128/2906/5567/2902/2912/2354/5173/7054/1644/84152/1813/6570/1812",23
"Organismal Systems","Digestive system","hsa04972","Pancreatic secretion","41/2183","106/9521",0.386792452830189,1.68696790810638,3.87914227199618,0.000183242297976933,0.00245262768061434,0.00198821602663231,"1360/1131/480/1811/5874/5646/107/483/1359/115/3708/8399/477/111/5578/1358/391013/492/491/3778/952/277/5332/113/1080/114/8671/885/6262/886/22802/5407/64600/1357/26279/50487/5408/440387/23439/5406/9635",41
"Metabolism","Xenobiotics biodegradation and metabolism","hsa00983","Drug metabolism - other enzymes","33/2183","81/9521",0.407407407407407,1.77687857348874,3.82971225287829,0.000247702982214548,0.00319261621520973,0.00258808574009742,"9/1548/7366/2947/1549/7371/6241/7378/10720/7498/2950/2938/7363/10/7083/2946/2949/54490/7367/7364/221357/4832/2939/4353/1807/1066/2940/2953/2944/54578/54575/54658/54657",33
"Organismal Systems","Nervous system","hsa04727","GABAergic synapse","35/2183","89/9521",0.393258426966292,1.71516879667708,3.6970740835619,0.000366130997990037,0.00455048526073332,0.00368883862636579,"18/9568/2568/2744/107/776/2558/115/2752/10991/111/5578/778/6538/773/2564/59345/774/2770/51764/5334/81539/2567/113/5567/2555/114/2571/55879/2786/9001/2569/2556/3763/140679",35
"Human Diseases","Substance dependence","hsa05032","Morphine addiction","35/2183","91/9521",0.384615384615385,1.67747277916769,3.54171155271214,0.000596639315986565,0.00715967179183878,0.00580396866368056,"9568/2568/3760/5150/107/2558/115/111/5578/773/2564/408/59345/50940/5137/774/2770/5138/51764/2567/113/5567/2555/114/3765/55879/5142/2786/10846/2569/2556/3763/1812/140679/4988",35
"Organismal Systems","Endocrine system","hsa04925","Aldosterone synthesis and secretion","37/2183","98/9521",0.377551020408163,1.64666205465237,3.509557065476,0.000639868799434685,0.00733081833652019,0.00594270814938721,"480/185/8912/107/776/483/148327/115/3708/5443/23683/1589/51305/477/111/5578/64764/949/778/90993/492/816/491/9586/5138/4929/5332/113/5567/3991/57172/114/51806/810/23439/3283/4158",37
"Organismal Systems","Endocrine system","hsa04918","Thyroid hormone synthesis","30/2183","75/9521",0.4,1.7445716903344,3.530771961518,0.000672537382812109,0.00733081833652019,0.00594270814938721,"480/107/483/148327/115/3708/7173/477/111/2882/5578/64764/90993/9586/4036/213/432/50506/5332/113/5567/1081/7253/114/53905/389434/405753/7276/23439/257202",30
"Organismal Systems","Digestive system","hsa04974","Protein digestion and absorption","39/2183","105/9521",0.371428571428571,1.61995942673909,3.48402434453773,0.000674098237840937,0.00733081833652019,0.00594270814938721,"23428/1302/1360/1297/1299/480/8645/6564/169044/3783/5646/136227/483/1359/120103/117247/6505/477/59272/1358/85301/1286/91522/84570/256076/7373/1285/1310/1287/1300/1288/153201/340024/4224/1280/6543/1357/440387/23439",39
"Organismal Systems","Endocrine system","hsa03320","PPAR signaling pathway","30/2183","76/9521",0.394736842105263,1.72161679967211,3.44483907422559,0.000871076010567688,0.00906525864039345,0.00734872751247866,"3158/2173/2171/8309/11001/5465/440503/7350/23305/123/4312/5360/1582/51129/28965/5346/364/4199/23205/729359/948/336/335/9415/2172/5105/116519/9370/100509620/345",30
"Organismal Systems","Sensory system","hsa04742","Taste transduction","33/2183","86/9521",0.383720930232558,1.67357167968126,3.42230396682896,0.000885686189003958,0.00906525864039345,0.00734872751247866,"1131/9568/8645/2558/6337/3359/2914/773/80835/9177/5137/51764/255022/40/5332/5567/2555/3355/114/5030/170572/285242/6326/2556/259286/10021/3354/353164/259292/338398/346562/259285/5726",33
"Organismal Systems","Environmental adaptation","hsa04713","Circadian entrainment","36/2183","97/9521",0.371134020618557,1.6186747642278,3.34031264988136,0.00108374452221095,0.0104647162834333,0.00848319408336399,"3760/8912/107/776/115/3708/6261/2890/6263/111/5578/2904/2891/59345/816/2903/2770/51764/2906/5332/113/5567/9722/2902/2353/114/3765/6262/51806/4543/2786/116/4842/2893/3763/810",36
"Environmental Information Processing","Membrane transport","hsa02010","ABC transporters","20/2183","45/9521",0.444444444444444,1.93841298926045,3.4414719150099,0.00112116533988674,0.0104647162834333,0.00848319408336399,"6833/154664/1672/6891/85320/9619/368/6890/21/9429/10350/94160/10351/1080/26154/5243/10257/10349/24/8647",20
"Metabolism","Carbohydrate metabolism","hsa00040","Pentose and glucuronate interconversions","17/2183","36/9521",0.472222222222222,2.05956380108922,3.47389097007996,0.00114269890451284,0.0104647162834333,0.00848319408336399,"7366/7358/10720/7363/6652/54490/7367/7364/441282/27294/9365/729020/54578/54575/57016/54658/54657",17
"Metabolism","Glycan biosynthesis and metabolism","hsa00512","Mucin type O-glycan biosynthesis","17/2183","36/9521",0.472222222222222,2.05956380108922,3.47389097007996,0.00114269890451284,0.0104647162834333,0.00848319408336399,"55568/11226/51809/114805/56913/11227/442117/10331/9245/57452/51301/79623/728819/64409/10610/117248/168391",17
"Organismal Systems","Endocrine system","hsa04913","Ovarian steroidogenesis","22/2183","52/9521",0.423076923076923,1.84522005708446,3.33331146586912,0.00143498221810581,0.0128044567154057,0.0103798983657856,"5321/122970/107/5743/115/111/949/3480/654/255189/641371/123745/1545/113/5567/1081/114/3294/1588/1586/1543/3283",22
"Organismal Systems","Endocrine system","hsa04927","Cortisol synthesis and secretion","26/2183","65/9521",0.4,1.7445716903344,3.28523132032691,0.00149746609294727,0.0130279550086412,0.0105610766555228,"185/8912/107/776/148327/115/3708/5443/1589/111/64764/949/778/90993/5087/9586/5332/113/5567/114/1586/3739/1584/2516/3283/4158",26
"Organismal Systems","Nervous system","hsa04725","Cholinergic synapse","41/2183","116/9521",0.353448275862069,1.54153964016617,3.20063636323197,0.00154475116798174,0.013111546498967,0.0106288398721208,"1131/3760/9132/107/776/148327/115/596/3708/111/5578/64764/1139/778/90993/773/3761/59345/816/3759/9586/1103/774/2770/60482/51764/8973/1128/5332/113/5567/2353/114/6572/100134444/1143/2786/43/1141/3785/3763",41
"Human Diseases","Substance dependence","hsa05034","Alcoholism","61/2183","191/9521",0.319371727748691,1.39291718730888,2.99180564021048,0.00246295355266972,0.0204073294364063,0.016543146669561,"3066/399694/148327/85235/136/111/64764/90993/2904/6571/53358/8358/59345/9586/8970/3014/25759/2903/2770/8350/4128/51764/8335/2906/5567/2902/55506/2354/8364/8968/8331/5173/55766/51806/8340/8359/2786/317772/8348/391769/7054/1644/8366/84152/8355/8368/8352/8346/1813/115482686/286436/6570/1812/810/8342/158983/8354/340096/4852/474382/8361",61
"Metabolism","Lipid metabolism","hsa00140","Steroid hormone biosynthesis","25/2183","64/9521",0.390625,1.70368329134219,3.08068305525167,0.00269203019350592,0.0213766658646545,0.0173289366355941,"7366/6715/1589/10720/7363/7923/54490/1545/6783/7367/7364/9420/6820/3294/1646/1588/1586/1543/1109/1584/54578/54575/3283/54658/54657",25
"Human Diseases","Endocrine and metabolic disease","hsa04934","Cushing syndrome","51/2183","155/9521",0.329032258064516,1.4350509065654,2.97841587958494,0.00270279683346206,0.0213766658646545,0.0173289366355941,"8326/898/1029/1871/1870/7475/185/1956/8912/107/1021/776/83439/148327/115/3708/5443/1869/1589/80326/1031/111/8324/64764/949/778/90993/5087/595/816/9586/50940/8313/9134/2770/81029/23746/7484/5332/113/5567/51176/114/7480/1586/7476/3739/1584/2516/3283/4158",51
"Organismal Systems","Circulatory system","hsa04270","Vascular smooth muscle contraction","45/2183","134/9521",0.335820895522388,1.46465906837776,2.95447211887478,0.00301006679026682,0.0232778498447301,0.0188701263109125,"5321/185/107/776/115/3708/340156/72/136/8399/111/5578/778/553/391013/133/797/255189/10268/3778/10266/123745/79924/10267/3779/5588/5332/113/5567/114/796/51806/4629/157855/1906/94274/1907/64600/10242/26279/50487/810/4880/4879/1908",45
"Organismal Systems","Endocrine system","hsa04923","Regulation of lipolysis in adipocytes","23/2183","59/9521",0.389830508474576,1.70021817278353,2.94255371971402,0.00403378908155287,0.0305164913126174,0.0247381115298895,"5733/107/5743/115/111/3667/4886/54979/2770/11145/113/5567/3991/1081/7253/114/5346/364/63924/100509620/153/8471/4852",23
"Metabolism","Lipid metabolism","hsa00590","Arachidonic acid metabolism","24/2183","63/9521",0.380952380952381,1.66149684793753,2.87312742280519,0.00473598006522446,0.0350664055893215,0.0284264872895891,"5321/11283/5743/8399/247/391013/255189/27306/54979/123745/11145/873/2053/1555/4056/3248/8529/1558/5730/64600/242/26279/50487/1557",24
"Metabolism","Metabolism of cofactors and vitamins","hsa00790","Folate biosynthesis","13/2183","28/9521",0.464285714285714,2.02494928342386,2.96234843697135,0.00516337685124478,0.0374344821715246,0.0303461621959123,"250/5860/8836/249/7166/55034/441282/873/251/7054/5053/121278/57016",13
"Human Diseases","Infectious disease: parasitic","hsa05146","Amoebiasis","35/2183","103/9521",0.339805825242718,1.48203905732291,2.68273630237993,0.00671619001678456,0.046757149983592,0.0379035577604436,"107/7850/2919/338382/9630/7043/6318/4583/5578/2921/7124/3576/1286/1437/1511/733/284217/384/3458/6317/1285/3918/3914/3908/3592/4843/5332/5567/1287/10319/5273/1288/5275/909/910",35
"Organismal Systems","Circulatory system","hsa04261","Adrenergic signaling in cardiomyocytes","49/2183","154/9521",0.318181818181818,1.38772748094782,2.64571568615233,0.00671798131948161,0.046757149983592,0.0379035577604436,"480/9254/185/107/10411/776/483/148327/115/6332/596/64208/477/111/5578/64764/786/778/90993/27092/492/816/491/9586/6324/2770/27091/59285/6330/6331/5332/113/5567/11149/7139/114/6262/51806/4625/6543/10369/4633/102723475/153/4624/810/10368/23439/186",49
"Organismal Systems","Digestive system","hsa04977","Vitamin digestion and absorption","12/2183","26/9521",0.461538461538462,2.01296733500123,2.82092226565446,0.00755711037568348,0.0515661649164284,0.0418019727695185,"8884/2346/686/81693/113235/10560/949/8029/158835/9227/335/5406",12
"Metabolism","Amino acid metabolism","hsa00380","Tryptophan metabolism","17/2183","42/9521",0.404761904761905,1.76534040093362,2.71115602396187,0.00820051530735308,0.054880371672286,0.0444886255540612,"3620/51166/55526/130013/39/7166/6999/259307/1545/4128/15/11185/169355/8942/1644/1543/121278",17
"Cellular Processes","Cell motility","hsa04814","Motor proteins","60/2183","197/9521",0.304568527918782,1.32835407893482,2.53998343689088,0.00840185244675738,0.0551668802164447,0.044720882934081,"7802/83657/11004/112714/113457/3833/83544/146909/113220/203068/9493/10112/56992/9928/81930/55614/1767/4651/23303/24137/1062/84790/8632/55930/1780/3832/72/84617/3800/56171/10382/3801/283446/547/347733/27019/7277/7136/4636/53904/124602/79659/126820/1770/7139/10381/8701/1768/4629/22989/29895/58/58498/3834/4625/7138/4633/93661/7278/4624",60
"Organismal Systems","Digestive system","hsa04975","Fat digestion and absorption","17/2183","43/9521",0.395348837209302,1.72428597300493,2.59622566244761,0.0107233708618649,0.0691061677764626,0.0560207288690017,"8399/949/39/391013/29881/84649/4547/5407/948/335/64600/26279/50487/1208/5408/5406/8513",17
"Metabolism","Amino acid metabolism","hsa00350","Tyrosine metabolism","15/2183","37/9521",0.405405405405405,1.76814698344703,2.55332388066982,0.0124557524155312,0.0788109425564519,0.0638878784184184,"6898/7173/2184/5409/3081/259307/4128/222/8639/1638/126/7054/1644/125/131",15
"Organismal Systems","Nervous system","hsa04728","Dopaminergic synapse","42/2183","133/9521",0.315789473684211,1.37729343973769,2.38987409773116,0.0131454319877842,0.081689470209802,0.0662213491113942,"3760/776/148327/3708/3800/2890/111/5578/64764/90993/773/2904/2891/6571/408/59345/816/9586/2903/774/2770/50632/4128/51764/5332/5567/2353/1816/3765/51806/2786/7054/1644/1814/84152/2893/3763/1813/6570/1812/810/6323",42
"Organismal Systems","Endocrine system","hsa04928","Parathyroid hormone synthesis, secretion and
action","37/2183","115/9521",0.321739130434783,1.40324244657332,2.37284386567364,0.014093201644162,0.0853316323328784,0.0691738580314925,"2625/1956/107/148327/115/65266/596/3708/5337/9368/111/5578/64764/90993/4040/4326/8521/408/9586/2770/65267/4929/10568/5332/113/5567/9365/2353/114/5142/1958/5744/6569/8074/4322/846/1591",37
"Metabolism","Carbohydrate metabolism","hsa00053","Ascorbate and aldarate metabolism","13/2183","31/9521",0.419354838709677,1.82898644954413,2.52145754861459,0.0142228114619521,0.0853316323328784,0.0691738580314925,"7366/7358/10720/7363/54490/7367/7364/9365/55586/54578/54575/54658/54657",13
"Environmental Information Processing","Signaling molecules and interaction","hsa04514","Cell adhesion molecule (CAM) interaction","49/2183","160/9521",0.30625,1.33568770041228,2.33555869508678,0.0144671445621834,0.0853316323328784,0.0691738580314925,"9074/4359/5817/10686/4099/1001/4685/9071/9080/137075/84189/9076/644672/3383/9369/5818/3112/3897/1002/84631/7412/214/3655/1525/3696/3134/152404/80380/26050/257194/29126/26047/9075/1493/941/29851/22854/927/149461/3135/23562/57689/1000/5133/6403/23114/201633/4684/100288814",49
"Environmental Information Processing","Signal transduction","hsa04630","JAK-STAT signaling pathway","51/2183","168/9521",0.303571428571429,1.32400530070022,2.31093525076459,0.0152115566190413,0.0882270283904398,0.0715210030509312,"3572/3595/1956/50604/7066/116379/53833/1154/596/3455/5292/5618/3559/9466/2057/53832/3601/595/1437/8835/4609/3458/3976/58985/8651/133396/3592/1439/282618/3594/3598/2690/50615/3565/3952/3456/282617/55801/59067/282616/3568/1443/338376/2056/1271/5617/3578/2689/3446/50616/3439",51
"Human Diseases","Cardiovascular disease","hsa05414","Dilated cardiomyopathy","34/2183","105/9521",0.323809523809524,1.4122723207469,2.31687226632938,0.0163688489467119,0.0933829415320614,0.0757006301590818,"9254/107/776/115/7043/111/786/778/27092/1756/7124/3655/3696/284217/27091/6641/59285/6445/3908/3691/113/5567/7139/114/6262/137868/4842/4625/6543/10369/4633/153/4624/10368",34
"Organismal Systems","Circulatory system","hsa04260","Cardiac muscle contraction","29/2183","87/9521",0.333333333333333,1.45380974194534,2.3192202446392,0.016936044714856,0.0950603800124175,0.0770604411473923,"480/9254/7388/776/483/440567/10479/477/786/778/3270/27092/1345/27091/341947/59285/1346/845/7139/6262/125965/4625/6543/10369/4633/170712/4624/10368/23439",29
"Human Diseases","Immune disease","hsa05332","Graft-versus-host disease","17/2183","45/9521",0.377777777777778,1.64765104087138,2.37515133890286,0.0175807054126024,0.0971124679934228,0.0787239607448194,"3552/3112/7124/3002/3134/3458/5551/941/3824/3135/356/3821/3812/3811/3804/3802/115653",17
